hoangtm@DESKTOP-HOANG:~/.ssh$ ssh -i "ec2-sec-keypair.pem" ec2-user@ec2-34-217-11-60.us-west-2.compute.amazonaws.com
   ,     #_
   ~\_  ####_        Amazon Linux 2023
  ~~  \_#####\
  ~~     \###|
  ~~       \#/ ___   https://aws.amazon.com/linux/amazon-linux-2023
   ~~       V~' '->
    ~~~         /
      ~~._.   _/
         _/ _/
       _/m/'
Last login: Mon Feb  5 09:37:48 2024 from 104.28.205.71
[ec2-user@ip-10-2-10-33 ~]$ mysql -h rds-secondary.cph8acgn2s7q.us-west-2.rds.amazonaws.com -P 3306 -u admin -p
Enter password:
Welcome to the MariaDB monitor.  Commands end with ; or \g.
Your MySQL connection id is 9
Server version: 8.0.35 Source distribution

Copyright (c) 2000, 2018, Oracle, MariaDB Corporation Ab and others.

Type 'help;' or '\h' for help. Type '\c' to clear the current input statement.

MySQL [(none)]> use udacity;
Reading table information for completion of table and column names
You can turn off this feature to get a quicker startup with -A

Database changed
MySQL [udacity]> select * from uda;
+----+------+------+
| id | name | age  |
+----+------+------+
|  1 | Hi   |   18 |
|  2 | Big  |   62 |
+----+------+------+
2 rows in set (0.001 sec)

MySQL [udacity]> insert into uda (id, name, age) values (3, "Sec", 25);
Query OK, 1 row affected (0.007 sec)

MySQL [udacity]> insert into uda (id, name, age) values (4, "Demo", 55);
Query OK, 1 row affected (0.008 sec)

MySQL [udacity]> select * from uda;
+----+------+------+
| id | name | age  |
+----+------+------+
|  1 | Hi   |   18 |
|  2 | Big  |   62 |
|  3 | Sec  |   25 |
|  4 | Demo |   55 |
+----+------+------+
4 rows in set (0.001 sec)

MySQL [udacity]> update uda set name = "Hien" where id = 2;
Query OK, 1 row affected (0.013 sec)
Rows matched: 1  Changed: 1  Warnings: 0

MySQL [udacity]> select * from uda;
+----+------+------+
| id | name | age  |
+----+------+------+
|  1 | Hi   |   18 |
|  2 | Hien |   62 |
|  3 | Sec  |   25 |
|  4 | Demo |   55 |
+----+------+------+
4 rows in set (0.005 sec)